AFGHANISTAN	AF	AFG	4
ALBANIA	AL	ALB	8
ALGERIA	DZ	DZA	12
ANDORRA	AD	AND	20
ANGOLA	AO	AGO	24
ANTIGUA AND BARBUDA	AG	ATG	28
ARGENTINA	AR	ARG	32
ARMENIA	AM	ARM	51
AUSTRALIA	AU	AUS	36
AUSTRIA	AT	AUT	40
AZERBAIJAN	AZ	AZE	31
BAHAMAS	BS	BHS	44
BAHRAIN	BH	BHR	48
BANGLADESH	BD	BGD	50
BARBADOS	BB	BRB	52
BELARUS	BY	BLR	112
BELGIUM	BE	BEL	56
BELIZE	BZ	BLZ	84
BENIN	BJ	BEN	204
BERMUDA	BM	BMU	60
BHUTAN	BT	BTN	64
BOLIVIA	BO	BOL	68
BOTSWANA	BW	BWA	72
BRAZIL	BR	BRA	76
BRUNEI DARUSSALAM	BN	BRN	96
BULGARIA	BG	BGR	100
BURKINA FASO	BF	BFA	854
BURUNDI	BI	BDI	108
CAMBODIA	KH	KHM	116
CAMEROON	CM	CMR	120
CANADA	CA	CAN	124
CAPE VERDE	CV	CPV	132
CENTRAL AFRICAN REPUBLIC	CF	CAF	140
CHAD	TD	TCD	148
CHILE	CL	CHL	152
CHINA	CN	CHN	156
COLOMBIA	CO	COL	170
COMOROS	KM	COM	174
CONGO, REPUBLIC OF	CG	COG	178
CONGO, DEMOCRATIC REPUBLIC OF THE	CD	COD	180
COSTA RICA	CR	CRI	188
CÃ”TE D'IVOIRE	CI	CIV	384
CROATIA	HR	HRV	191
CUBA	CU	CUB	192
CYPRUS	CY	CYP	196
CZECH REPUBLIC	CZ	CZE	203
DENMARK	DK	DNK	208
DJIBOUTI	DJ	DJI	262
DOMINICA	DM	DMA	212
DOMINICAN REPUBLIC	DO	DOM	214
ECUADOR	EC	ECU	218
EGYPT	EG	EGY	818
EL SALVADOR	SV	SLV	222
EQUATORIAL GUINEA	GQ	GNQ	226
ERITREA	ER	ERI	232
ESTONIA	EE	EST	233
ETHIOPIA	ET	ETH	231
FIJI	FJ	FJI	242
FINLAND	FI	FIN	246
FRANCE	FR	FRA	250
GABON	GA	GAB	266
GAMBIA	GM	GMB	270
GEORGIA	GE	GEO	268
GERMANY	DE	DEU	276
GHANA	GH	GHA	288
GREECE	GR	GRC	300
GRENADA	GD	GRD	308
GUATEMALA	GT	GTM	320
GUINEA	GN	GIN	324
GUINEA-BISSAU	GW	GNB	624
GUYANA	GY	GUY	328
HAITI	HT	HTI	332
HONDURAS	HN	HND	340
HUNGARY	HU	HUN	348
ICELAND	IS	ISL	352
INDIA	IN	IND	356
INDONESIA	ID	IDN	360
IRAN	IR	IRN	364
IRAQ	IQ	IRQ	368
IRELAND	IE	IRL	372
ISRAEL	IL	ISR	376
ITALY	IT	ITA	380
JAMAICA	JM	JAM	388
JAPAN	JP	JPN	392
JORDAN	JO	JOR	400
KAZAKHSTAN	KZ	KAZ	398
KENYA	KE	KEN	404
KIRIBATI	KI	KIR	296
KOREA, NORTH	KP	PRK	408
KOREA, SOUTH	KR	KOR	410
KUWAIT	KW	KWT	414
KYRGYZSTAN	KG	KGZ	417
LAOS	LA	LAO	418
LATVIA	LV	LVA	428
LEBANON	LB	LBN	422
LESOTHO	LS	LSO	426
LIBERIA	LR	LBR	430
LIBYA	LY	LBY	434
LIECHTENSTEIN	LI	LIE	438
LITHUANIA	LT	LTU	440
LUXEMBOURG	LU	LUX	442
MACEDONIA	MK	MKD	807
MADAGASCAR	MG	MDG	450
MALAWI	MW	MWI	454
MALAYSIA	MY	MYS	458
MALDIVES	MV	MDV	462
MALI	ML	MLI	466
MALTA	MT	MLT	470
MARSHALL ISLANDS	MH	MHL	584
MAURITANIA	MR	MRT	478
MAURITIUS	MU	MUS	480
MEXICO	MX	MEX	484
MICRONESIA	FM	FSM	583
MOLDOVA	MD	MDA	498
MONACO	MC	MCO	492
MONGOLIA	MN	MNG	496
MONTENEGRO	ME	MNE	499
MOROCCO	MA	MAR	504
MOZAMBIQUE	MZ	MOZ	508
MYANMAR	MM	MMR	104
NAMIBIA		NAM	516
NAURU	NR	NRU	520
NEPAL	NP	NPL	524
NETHERLANDS	NL	NLD	528
NEW ZEALAND	NZ	NZL	554
NICARAGUA	NI	NIC	558
NIGER	NE	NER	562
NIGERIA	NG	NGA	566
NORWAY	NO	NOR	578
OMAN	OM	OMN	512
PAKISTAN	PK	PAK	586
PALAU	PW	PLW	585
PALESTINIAN TERRITORY	PS	PSE	275
PANAMA	PA	PAN	591
PAPUA NEW GUINEA	PG	PNG	598
PARAGUAY	PY	PRY	600
PERU	PE	PER	604
PHILIPPINES	PH	PHL	608
POLAND	PL	POL	616
PORTUGAL	PT	PRT	620
QATAR	QA	QAT	634
ROMANIA	RO	ROU	642
RUSSIA	RU	RUS	643
RWANDA	RW	RWA	646
SAINT KITTS AND NEVIS	KN	KNA	659
SAINT LUCIA	LC	LCA	662
SAINT VINCENT AND GRENADINES	VC	VCT	670
SAMOA	WS	WSM	882
SAN MARINO	SM	SMR	674
SAO TOME AND PRINCIPE	ST	STP	678
SAUDI ARABIA	SA	SAU	682
SENEGAL	SN	SEN	686
SERBIA	RS	SRB	688
SEYCHELLES	SC	SYC	690
SIERRA LEONE	SL	SLE	694
SINGAPORE	SG	SGP	702
SLOVAKIA	SK	SVK	703
SLOVENIA	SI	SVN	705
SOLOMON ISLANDS	SB	SLB	90
SOMALIA	SO	SOM	706
SOUTH AFRICA	ZA	ZAF	71039
SOUTH SUDAN	SS	SSD	728
SPAIN	ES	ESP	724
SRI LANKA	LK	LKA	144
SUDAN	SD	SDN	736
SURINAME	SR	SUR	740
SWAZILAND	SZ	SWZ	748
SWEDEN	SE	SWE	752
SWITZERLAND	CH	CHE	756
SYRIA	SY	SYR	760
TAIWAN	TW	TWN	158
TAJIKISTAN	TJ	TJK	762
TANZANIA	TZ	TZA	834
THAILAND	TH	THA	764
TIMOR-LESTE	TL	TLS	626
TOGO	TG	TGO	768
TONGA	TO	TON	776
TRINIDAD AND TOBAGO	TT	TTO	780
TUNISIA	TN	TUN	788
TURKEY	TR	TUR	792
TURKMENISTAN	TM	TKM	795
TUVALU	TV	TUV	798
UGANDA	UG	UGA	800
UKRAINE	UA	UKR	804
UNITED ARAB EMIRATES	AE	ARE	784
UNITED KINGDOM	GB	GBR	826
UNITED STATES OF AMERICA	US	USA	840
URUGUAY	UY	URY	858
UZBEKISTAN	UZ	UZB	860
VANUATU	VU	VUT	548
VATICAN CITY	VA	VAT	336
VENEZUELA	VE	VEN	862
VIETNAM	VN	VNM	704
WESTERN SAHARA	EH	ESH	732
YEMEN	YE	YEM	887
ZAMBIA	ZM	ZMB	894
ZIMBABWE	ZW	ZWE	716